game_id,home_team,away_team,commence_time,bookmaker,bookmaker_key,home_ml,away_ml,ml_vig,home_spread,home_spread_odds,away_spread,away_spread_odds,spread_vig,total,over_odds,under_odds,total_vig
a54af649958eb60284f57114fdeeb472,Orlando Magic,Utah Jazz,2026-02-08T00:11:00Z,FanDuel,fanduel,148,-194,6.308975202984413,2.5,-136,-2.5,102,7.132069139117303,241.5,-114,-114,6.542056074766345
a54af649958eb60284f57114fdeeb472,Orlando Magic,Utah Jazz,2026-02-08T00:11:00Z,DraftKings,draftkings,114,-145,5.912645432004582,1.5,-120,-1.5,-110,6.926406926406914,241.5,-105,-125,6.77506775067751
a54af649958eb60284f57114fdeeb472,Orlando Magic,Utah Jazz,2026-02-08T00:11:00Z,BetMGM,betmgm,160,-210,6.203473945409432,2.5,-110,-2.5,-115,5.8693244739756345,242.5,-118,-110,6.509392747924858
a54af649958eb60284f57114fdeeb472,Orlando Magic,Utah Jazz,2026-02-08T00:11:00Z,BetRivers,betrivers,132,-175,6.739811912225702,2.0,-120,-2.0,-114,7.816482582837714,241.0,-114,-122,8.225982992338121
05cf7fd60949a0c52340284b261ae851,Atlanta Hawks,Charlotte Hornets,2026-02-08T00:41:00Z,FanDuel,fanduel,122,-156,5.982545045045051,2.5,-132,-2.5,100,6.896551724137945,250.5,-112,-118,6.958629046217757
05cf7fd60949a0c52340284b261ae851,Atlanta Hawks,Charlotte Hornets,2026-02-08T00:41:00Z,DraftKings,draftkings,145,-188,6.094104308390014,2.5,-105,-2.5,-125,6.77506775067751,250.5,-120,-110,6.926406926406914
05cf7fd60949a0c52340284b261ae851,Atlanta Hawks,Charlotte Hornets,2026-02-08T00:41:00Z,BetMGM,betmgm,145,-190,6.333567909922588,2.5,-105,-2.5,-125,6.77506775067751,251.5,-110,-118,6.509392747924858
05cf7fd60949a0c52340284b261ae851,Atlanta Hawks,Charlotte Hornets,2026-02-08T00:41:00Z,BetRivers,betrivers,133,-175,6.554818571985965,3.0,-124,-3.0,-110,7.738095238095255,251.0,-115,-120,8.033826638477803
e9a14346272a3fc89154cc1bf1c5da1b,Chicago Bulls,Denver Nuggets,2026-02-08T01:12:00Z,FanDuel,fanduel,132,-170,6.066411238825031,3.5,-130,-3.5,-102,7.016788635385263,246.5,108,-144,7.0933165195460335
e9a14346272a3fc89154cc1bf1c5da1b,Chicago Bulls,Denver Nuggets,2026-02-08T01:12:00Z,DraftKings,draftkings,124,-160,6.181318681318682,2.5,-120,-2.5,-110,6.926406926406914,244.5,-115,-115,6.976744186046502
e9a14346272a3fc89154cc1bf1c5da1b,Chicago Bulls,Denver Nuggets,2026-02-08T01:12:00Z,BetRivers,betrivers,115,-150,6.511627906976747,2.5,-115,-2.5,-118,7.616812459995725,245.0,-117,-120,8.462505236698782
e9a14346272a3fc89154cc1bf1c5da1b,Chicago Bulls,Denver Nuggets,2026-02-08T01:12:00Z,BetMGM,betmgm,115,-150,6.511627906976747,2.5,-118,-2.5,-110,6.509392747924858,244.5,-115,-115,6.976744186046502
076f5eadf0573f4dd2ace4f26ae28ef2,Los Angeles Lakers,Golden State Warriors,2026-02-08T01:41:00Z,FanDuel,fanduel,-128,100,6.140350877192979,-2.5,108,2.5,-144,7.0933165195460335,195.5,-146,110,6.9686411149825656
076f5eadf0573f4dd2ace4f26ae28ef2,Los Angeles Lakers,Golden State Warriors,2026-02-08T01:41:00Z,DraftKings,draftkings,-115,-115,6.976744186046502,-1.5,100,1.5,-130,6.521739130434767,203.5,-110,-120,6.926406926406914
076f5eadf0573f4dd2ace4f26ae28ef2,Los Angeles Lakers,Golden State Warriors,2026-02-08T01:41:00Z,BetMGM,betmgm,-135,105,6.227296315516351,-1.5,-118,1.5,-110,6.509392747924858,197.5,-115,-115,6.976744186046502
076f5eadf0573f4dd2ace4f26ae28ef2,Los Angeles Lakers,Golden State Warriors,2026-02-08T01:41:00Z,BetRivers,betrivers,-129,100,6.331877729257629,-1.5,-117,1.5,-117,7.834101382488479,202.0,-117,-120,8.462505236698782
a809adbd88558364e25c834bbb5a88f0,Phoenix Suns,Philadelphia 76ers,2026-02-08T02:11:00Z,FanDuel,fanduel,-138,108,6.060116354234002,0.5,-140,-0.5,106,6.877022653721676,226.5,-110,-120,6.926406926406914
a809adbd88558364e25c834bbb5a88f0,Phoenix Suns,Philadelphia 76ers,2026-02-08T02:11:00Z,DraftKings,draftkings,-145,114,5.912645432004582,-2.5,-120,2.5,-110,6.926406926406914,224.5,-115,-115,6.976744186046502
a809adbd88558364e25c834bbb5a88f0,Phoenix Suns,Philadelphia 76ers,2026-02-08T02:11:00Z,BetMGM,betmgm,-145,110,6.802721088435382,-2.5,-110,2.5,-118,6.509392747924858,225.5,-110,-118,6.509392747924858
a809adbd88558364e25c834bbb5a88f0,Phoenix Suns,Philadelphia 76ers,2026-02-08T02:11:00Z,BetRivers,betrivers,-132,102,6.401502219187449,-2.0,-114,2.0,-120,7.816482582837714,224.0,-121,-115,8.239503314742702
e4c99c288d8e1b1baf8bd7af1678ddb5,Portland Trail Blazers,Memphis Grizzlies,2026-02-08T03:00:00Z,FanDuel,fanduel,-300,245,3.985507246376807,-8.5,-112,8.5,-108,4.75326560232221,227.5,-112,-108,4.75326560232221
e4c99c288d8e1b1baf8bd7af1678ddb5,Portland Trail Blazers,Memphis Grizzlies,2026-02-08T03:00:00Z,DraftKings,draftkings,-325,260,4.24836601307188,-8.5,-115,8.5,-105,4.707884288145214,227.5,-105,-115,4.707884288145214
e4c99c288d8e1b1baf8bd7af1678ddb5,Portland Trail Blazers,Memphis Grizzlies,2026-02-08T03:00:00Z,BetRivers,betrivers,-335,260,4.789272030651337,-8.5,-113,8.5,-112,5.881831871733545,227.0,-113,-112,5.881831871733545
e4c99c288d8e1b1baf8bd7af1678ddb5,Portland Trail Blazers,Memphis Grizzlies,2026-02-08T03:00:00Z,BetMGM,betmgm,-325,260,4.24836601307188,-9.5,-102,9.5,-118,4.623489871922981,227.5,-110,-110,4.761904761904767
7b28a8f5733ef01c824181e1b5a42341,Sacramento Kings,Cleveland Cavaliers,2026-02-08T03:10:00Z,FanDuel,fanduel,480,-650,3.9080459770115095,13.0,-110,-13.0,-110,4.761904761904767,229.5,-108,-112,4.75326560232221
7b28a8f5733ef01c824181e1b5a42341,Sacramento Kings,Cleveland Cavaliers,2026-02-08T03:10:00Z,DraftKings,draftkings,470,-650,4.210526315789487,13.5,-115,-13.5,-105,4.707884288145214,228.5,-110,-110,4.761904761904767
7b28a8f5733ef01c824181e1b5a42341,Sacramento Kings,Cleveland Cavaliers,2026-02-08T03:10:00Z,BetMGM,betmgm,475,-650,4.057971014492745,13.5,-115,-13.5,-105,4.707884288145214,229.5,-105,-115,4.707884288145214
7b28a8f5733ef01c824181e1b5a42341,Sacramento Kings,Cleveland Cavaliers,2026-02-08T03:10:00Z,BetRivers,betrivers,550,-910,5.483625285605487,13.5,-113,-13.5,-113,6.103286384976525,229.0,-113,-112,5.881831871733545
c2aacc97e9c2f14777db6a947e5b0772,Boston Celtics,New York Knicks,2026-02-08T17:40:00Z,FanDuel,fanduel,-156,132,4.040948275862055,-3.5,-110,3.5,-110,4.761904761904767,214.5,-110,-110,4.761904761904767
c2aacc97e9c2f14777db6a947e5b0772,Boston Celtics,New York Knicks,2026-02-08T17:40:00Z,DraftKings,draftkings,-162,136,4.204942424634495,-3.5,-110,3.5,-110,4.761904761904767,214.5,-110,-110,4.761904761904767
c2aacc97e9c2f14777db6a947e5b0772,Boston Celtics,New York Knicks,2026-02-08T17:40:00Z,BetRivers,betrivers,-162,128,5.691710191509314,-3.5,-112,3.5,-113,5.881831871733545,214.5,-112,-114,6.101216716628466
c2aacc97e9c2f14777db6a947e5b0772,Boston Celtics,New York Knicks,2026-02-08T17:40:00Z,BetMGM,betmgm,-160,135,4.091653027823239,-3.5,-110,3.5,-110,4.761904761904767,215.5,-105,-115,4.707884288145214
c7739a581c938fedf4dd128cb53f31dc,Washington Wizards,Miami Heat,2026-02-08T19:10:00Z,FanDuel,fanduel,360,-460,3.881987577639756,11.0,-108,-11.0,-112,4.75326560232221,235.5,-110,-110,4.761904761904767
c7739a581c938fedf4dd128cb53f31dc,Washington Wizards,Miami Heat,2026-02-08T19:10:00Z,DraftKings,draftkings,350,-455,4.204204204204198,10.5,-110,-10.5,-110,4.761904761904767,234.5,-115,-105,4.707884288145214
c7739a581c938fedf4dd128cb53f31dc,Washington Wizards,Miami Heat,2026-02-08T19:10:00Z,BetRivers,betrivers,360,-500,5.072463768115942,10.5,-112,-10.5,-114,6.101216716628466,235.5,-113,-113,6.103286384976525
c7739a581c938fedf4dd128cb53f31dc,Washington Wizards,Miami Heat,2026-02-08T19:10:00Z,BetMGM,betmgm,340,-450,4.545454545454541,10.5,-105,-10.5,-115,4.707884288145214,234.5,-110,-110,4.761904761904767
9a4bb2e3bc9fd308b6e40f29e43ab2f1,Toronto Raptors,Indiana Pacers,2026-02-08T20:10:00Z,FanDuel,fanduel,-320,250,4.761904761904745,-8.0,-112,8.0,-108,4.75326560232221,224.5,-110,-110,4.761904761904767
9a4bb2e3bc9fd308b6e40f29e43ab2f1,Toronto Raptors,Indiana Pacers,2026-02-08T20:10:00Z,DraftKings,draftkings,-325,260,4.24836601307188,-8.5,-105,8.5,-115,4.707884288145214,224.5,-115,-105,4.707884288145214
9a4bb2e3bc9fd308b6e40f29e43ab2f1,Toronto Raptors,Indiana Pacers,2026-02-08T20:10:00Z,BetRivers,betrivers,-345,260,5.305867665418229,-8.0,-115,8.0,-109,5.641482140870124,224.5,-114,-112,6.101216716628466
9a4bb2e3bc9fd308b6e40f29e43ab2f1,Toronto Raptors,Indiana Pacers,2026-02-08T20:10:00Z,BetMGM,betmgm,-325,260,4.24836601307188,-8.5,-110,8.5,-110,4.761904761904767,225.5,-105,-115,4.707884288145214
8864122f2c28fd6b7621c0ee000c41fc,Minnesota Timberwolves,Los Angeles Clippers,2026-02-08T20:10:00Z,FanDuel,fanduel,-330,265,4.141446320484232,-8.5,-110,8.5,-110,4.761904761904767,226.5,-110,-110,4.761904761904767
8864122f2c28fd6b7621c0ee000c41fc,Minnesota Timberwolves,Los Angeles Clippers,2026-02-08T20:10:00Z,DraftKings,draftkings,-325,260,4.24836601307188,-8.5,-105,8.5,-115,4.707884288145214,226.5,-110,-110,4.761904761904767
8864122f2c28fd6b7621c0ee000c41fc,Minnesota Timberwolves,Los Angeles Clippers,2026-02-08T20:10:00Z,BetRivers,betrivers,-345,260,5.305867665418229,-8.5,-108,8.5,-117,5.840127614321178,226.5,-112,-114,6.101216716628466
8864122f2c28fd6b7621c0ee000c41fc,Minnesota Timberwolves,Los Angeles Clippers,2026-02-08T20:10:00Z,BetMGM,betmgm,-325,260,4.24836601307188,-8.5,-110,8.5,-110,4.761904761904767,226.5,-110,-110,4.761904761904767
